1.0,1.0,1.0,0.75,0.6,0.5,0.428571428571,0.375,0.333333333333,0.3,0.272727272727,0.25,0.230769230769,0.214285714286,0.2,0.1875,0.176470588235,0.166666666667,0.157894736842,0.15,0.142857142857,0.136363636364,0.130434782609,0.125,0.12,0.115384615385,0.111111111111,0.107142857143,0.103448275862,0.1,0.0967741935484,0.09375,0.0909090909091,0.0882352941176,0.0857142857143,0.0833333333333,0.0810810810811,0.0789473684211,0.0769230769231,0.075,0.0731707317073,0.0714285714286,0.0697674418605
1.0,1.0,1.0,0.75,0.6,0.5,0.428571428571,0.375,0.333333333333,0.3,0.272727272727,0.25,0.230769230769,0.214285714286,0.2,0.1875,0.176470588235,0.166666666667,0.157894736842,0.15,0.142857142857,0.136363636364,0.130434782609,0.125,0.12,0.115384615385,0.111111111111,0.107142857143,0.103448275862,0.1,0.0967741935484,0.09375,0.0909090909091,0.0882352941176,0.0857142857143,0.0833333333333,0.0810810810811,0.0789473684211,0.0769230769231,0.075,0.0731707317073,0.0714285714286,0.0697674418605
1.0,1.0,1.0,1.0,1.0,1.0,0.857142857143,0.875,0.888888888889,0.9,0.818181818182,0.75,0.692307692308,0.642857142857,0.666666666667,0.625,0.588235294118,0.555555555556,0.526315789474,0.5,0.47619047619,0.454545454545,0.478260869565,0.458333333333,0.44,0.423076923077,0.407407407407,0.392857142857,0.379310344828,0.366666666667,0.354838709677,0.34375,0.333333333333,0.323529411765,0.314285714286,0.305555555556,0.297297297297,0.289473684211,0.282051282051,0.275,0.268292682927,0.261904761905,0.255813953488,0.25,0.244444444444,0.239130434783,0.234042553191,0.229166666667,0.224489795918,0.22,0.21568627451,0.211538461538,0.22641509434,0.222222222222,0.218181818182,0.214285714286,0.210526315789,0.206896551724,0.203389830508,0.2,0.196721311475,0.193548387097,0.190476190476,0.1875,0.184615384615,0.181818181818,0.179104477612,0.176470588235,0.173913043478,0.171428571429,0.169014084507,0.166666666667,0.164383561644,0.162162162162,0.16,0.157894736842,0.155844155844,0.153846153846,0.151898734177,0.15,0.148148148148,0.146341463415,0.144578313253,0.142857142857,0.141176470588,0.139534883721,0.137931034483,0.136363636364,0.134831460674,0.133333333333,0.131868131868,0.130434782609,0.129032258065
1.0,1.0,1.0,0.75,0.6,0.5,0.428571428571,0.375,0.333333333333,0.4,0.363636363636,0.333333333333,0.384615384615,0.357142857143,0.333333333333,0.3125,0.294117647059,0.277777777778,0.263157894737,0.25,0.238095238095,0.227272727273,0.217391304348,0.208333333333,0.2,0.192307692308,0.185185185185,0.178571428571,0.172413793103,0.166666666667,0.161290322581,0.15625,0.151515151515,0.147058823529,0.142857142857,0.138888888889,0.135135135135,0.131578947368,0.128205128205,0.125,0.121951219512,0.119047619048,0.116279069767,0.113636363636,0.111111111111,0.108695652174,0.106382978723,0.104166666667,0.102040816327,0.1,0.0980392156863,0.0961538461538,0.0943396226415,0.0925925925926,0.0909090909091,0.0892857142857,0.0877192982456,0.0862068965517,0.0847457627119,0.0833333333333
0.0,0.0,0.333333333333,0.25,0.2,0.166666666667,0.142857142857,0.125,0.222222222222,0.2,0.181818181818,0.166666666667,0.153846153846,0.142857142857,0.133333333333,0.125,0.117647058824,0.111111111111,0.105263157895,0.1,0.0952380952381,0.0909090909091,0.0869565217391,0.0833333333333,0.08,0.115384615385,0.111111111111,0.107142857143,0.103448275862,0.1,0.0967741935484,0.09375,0.0909090909091,0.0882352941176,0.0857142857143,0.0833333333333,0.0810810810811,0.0789473684211,0.0769230769231,0.075,0.0731707317073,0.0714285714286,0.0697674418605,0.0681818181818,0.0666666666667,0.0652173913043,0.063829787234,0.0625,0.0612244897959,0.08,0.078431372549,0.0769230769231,0.0754716981132,0.0740740740741,0.0727272727273,0.0714285714286,0.0701754385965,0.0689655172414,0.0677966101695,0.0666666666667,0.0655737704918,0.0645161290323,0.0634920634921,0.0625,0.0615384615385,0.0606060606061,0.0597014925373,0.0588235294118,0.0579710144928,0.0571428571429,0.056338028169,0.0555555555556,0.0547945205479,0.0540540540541,0.0533333333333,0.0526315789474,0.0519480519481,0.0512820512821,0.0506329113924,0.05,0.0493827160494,0.0487804878049,0.0481927710843,0.047619047619,0.0470588235294,0.046511627907,0.0459770114943,0.0454545454545,0.0449438202247,0.0444444444444,0.043956043956,0.0434782608696,0.0430107526882,0.0425531914894,0.0421052631579,0.0416666666667,0.0515463917526,0.0510204081633,0.0505050505051,0.05,0.049504950495,0.0490196078431,0.0485436893204,0.0480769230769,0.047619047619,0.0471698113208,0.0467289719626,0.0462962962963,0.045871559633,0.0454545454545,0.045045045045,0.0446428571429,0.0442477876106,0.0438596491228,0.0434782608696,0.0431034482759,0.042735042735,0.0423728813559,0.0420168067227,0.0416666666667,0.0413223140496,0.0409836065574,0.0406504065041,0.0403225806452,0.04,0.0396825396825,0.0393700787402,0.0390625,0.0387596899225,0.0384615384615,0.0381679389313,0.0378787878788,0.0375939849624,0.0373134328358,0.037037037037,0.0367647058824,0.036496350365,0.036231884058,0.0359712230216,0.0357142857143,0.0354609929078,0.0352112676056,0.034965034965,0.0347222222222,0.0344827586207,0.0342465753425,0.0340136054422,0.0337837837838,0.0335570469799,0.0333333333333,0.0331125827815,0.0328947368421,0.0326797385621,0.0324675324675,0.0322580645161,0.0320512820513,0.031847133758,0.0316455696203,0.0314465408805,0.03125,0.0310559006211,0.0308641975309,0.0306748466258,0.030487804878,0.030303030303,0.0301204819277,0.0299401197605,0.0297619047619,0.0295857988166,0.0294117647059,0.0292397660819,0.0290697674419,0.028901734104,0.0287356321839,0.0285714285714,0.0284090909091,0.0282485875706,0.0280898876404,0.0279329608939,0.0277777777778,0.0276243093923,0.0274725274725,0.0273224043716,0.0271739130435,0.027027027027,0.0268817204301,0.0267379679144,0.0265957446809,0.026455026455,0.0263157894737,0.0261780104712,0.0260416666667,0.0259067357513,0.0257731958763,0.025641025641,0.0255102040816,0.0253807106599,0.0252525252525,0.0251256281407,0.025,0.0248756218905,0.0247524752475,0.0246305418719,0.0245098039216,0.0243902439024,0.0242718446602,0.024154589372,0.0240384615385,0.0239234449761,0.0238095238095,0.0236966824645,0.0235849056604,0.0234741784038,0.0233644859813,0.0232558139535,0.0231481481481,0.0230414746544,0.0229357798165,0.0228310502283,0.0227272727273,0.0226244343891,0.0225225225225,0.0224215246637,0.0223214285714,0.0222222222222,0.0221238938053,0.0220264317181,0.0219298245614,0.0218340611354,0.0217391304348,0.021645021645
1.0,1.0,1.0,1.0,1.0,1.0,1.0,1.0,1.0,1.0,1.0,1.0,1.0,1.0,1.0,1.0,1.0,1.0,1.0,1.0,1.0,1.0,1.0,1.0,1.0,1.0,1.0,1.0,1.0,1.0,1.0,0.96875,0.969696969697,0.970588235294,0.971428571429,0.944444444444,0.945945945946,0.947368421053,0.923076923077,0.925,0.926829268293,0.928571428571,0.906976744186,0.909090909091,0.911111111111,0.913043478261,0.914893617021,0.916666666667,0.918367346939,0.92,0.921568627451,0.923076923077,0.924528301887,0.925925925926,0.927272727273,0.910714285714,0.912280701754,0.913793103448,0.898305084746,0.9,0.901639344262,0.887096774194,0.888888888889,0.890625,0.892307692308,0.893939393939,0.89552238806,0.882352941176,0.869565217391,0.857142857143,0.859154929577,0.861111111111,0.86301369863,0.864864864865,0.866666666667,0.868421052632,0.87012987013,0.871794871795,0.860759493671,0.85,0.851851851852,0.853658536585,0.843373493976,0.845238095238,0.847058823529,0.848837209302,0.83908045977,0.840909090909,0.831460674157,0.822222222222,0.813186813187,0.804347826087,0.795698924731,0.787234042553,0.789473684211,0.78125,0.773195876289,0.765306122449,0.767676767677,0.76,0.752475247525,0.754901960784,0.757281553398,0.759615384615,0.761904761905,0.754716981132,0.757009345794,0.759259259259,0.752293577982,0.754545454545,0.747747747748,0.741071428571,0.734513274336,0.736842105263,0.730434782609,0.73275862069,0.735042735043,0.728813559322,0.731092436975,0.725,0.719008264463,0.72131147541,0.723577235772,0.725806451613,0.728,0.722222222222,0.716535433071,0.7109375,0.705426356589,0.707692307692,0.702290076336,0.69696969697,0.691729323308,0.686567164179,0.688888888889,0.683823529412,0.678832116788,0.673913043478,0.676258992806,0.671428571429,0.673758865248,0.669014084507,0.671328671329,0.666666666667,0.662068965517,0.657534246575,0.65306122449,0.648648648649,0.651006711409,0.646666666667,0.64238410596,0.644736842105,0.640522875817,0.642857142857,0.645161290323,0.641025641026,0.643312101911,0.645569620253,0.647798742138,0.64375,0.645962732919,0.641975308642,0.638036809816,0.634146341463,0.630303030303,0.626506024096,0.622754491018,0.619047619048,0.615384615385,0.611764705882,0.608187134503,0.604651162791,0.601156069364,0.603448275862,0.6,0.596590909091,0.593220338983,0.589887640449,0.586592178771,0.583333333333,0.585635359116,0.582417582418,0.579234972678,0.58152173913,0.578378378378,0.575268817204,0.572192513369,0.574468085106,0.57671957672,0.573684210526,0.575916230366,0.572916666667,0.569948186528,0.567010309278,0.564102564103,0.561224489796,0.558375634518,0.555555555556,0.552763819095,0.55,0.547263681592,0.549504950495,0.546798029557,0.544117647059,0.541463414634,0.538834951456,0.536231884058,0.533653846154,0.531100478469,0.533333333333,0.530805687204,0.528301886792,0.525821596244,0.523364485981,0.525581395349,0.523148148148,0.520737327189,0.518348623853,0.51598173516,0.513636363636,0.511312217195,0.509009009009,0.506726457399,0.508928571429,0.506666666667,0.504424778761,0.502202643172,0.5,0.497816593886,0.495652173913,0.493506493506,0.491379310345,0.489270386266,0.487179487179,0.485106382979,0.483050847458,0.481012658228,0.483193277311,0.481171548117,0.479166666667,0.477178423237,0.47520661157,0.477366255144,0.475409836066,0.473469387755,0.471544715447,0.46963562753,0.471774193548,0.469879518072,0.468,0.466135458167,0.464285714286,0.462450592885,0.46062992126,0.458823529412,0.45703125,0.455252918288,0.453488372093,0.451737451737,0.45,0.448275862069,0.446564885496,0.448669201521,0.44696969697,0.445283018868,0.443609022556,0.441947565543,0.444029850746,0.442379182156,0.440740740741,0.442804428044,0.441176470588,0.43956043956,0.43795620438,0.44,0.442028985507,0.440433212996,0.438848920863,0.437275985663,0.435714285714,0.434163701068,0.432624113475,0.43109540636,0.433098591549,0.431578947368,0.43006993007,0.432055749129,0.430555555556,0.429065743945,0.427586206897,0.426116838488,0.424657534247,0.423208191126,0.421768707483,0.420338983051,0.418918918919,0.417508417508,0.41610738255,0.414715719064,0.413333333333,0.41196013289,0.41059602649,0.409240924092,0.407894736842,0.406557377049,0.40522875817,0.407166123779,0.405844155844,0.404530744337,0.403225806452,0.40192926045,0.400641025641,0.399361022364,0.398089171975,0.396825396825,0.395569620253,0.394321766562,0.393081761006,0.391849529781,0.390625,0.389408099688,0.388198757764,0.386996904025,0.385802469136,0.384615384615,0.383435582822,0.382262996942,0.381097560976,0.379939209726,0.381818181818,0.383685800604,0.385542168675,0.384384384384,0.383233532934,0.382089552239,0.380952380952,0.379821958457,0.378698224852,0.377581120944,0.376470588235,0.378299120235,0.377192982456,0.376093294461,0.375,0.373913043478,0.372832369942,0.371757925072,0.370689655172,0.372492836676,0.374285714286,0.373219373219,0.372159090909,0.371104815864,0.370056497175,0.369014084507,0.36797752809,0.366946778711,0.365921787709,0.364902506964,0.363888888889,0.362880886427,0.361878453039,0.3608815427,0.35989010989,0.358904109589,0.357923497268,0.356948228883,0.358695652174,0.357723577236,0.356756756757,0.355795148248,0.354838709677,0.353887399464,0.352941176471,0.352,0.351063829787,0.350132625995,0.349206349206,0.348284960422,0.347368421053,0.346456692913,0.34554973822,0.344647519582,0.34375,0.342857142857,0.341968911917,0.341085271318,0.340206185567,0.339331619537,0.338461538462,0.337595907928,0.336734693878,0.335877862595,0.335025380711,0.33417721519,0.333333333333,0.332493702771,0.331658291457,0.330827067669,0.33,0.329177057357,0.328358208955,0.327543424318,0.326732673267,0.325925925926,0.325123152709,0.324324324324,0.323529411765,0.322738386308,0.321951219512,0.321167883212,0.320388349515,0.319612590799,0.31884057971,0.318072289157,0.317307692308,0.31654676259,0.315789473684,0.315035799523,0.314285714286,0.313539192399,0.312796208531,0.312056737589,0.311320754717,0.310588235294,0.30985915493,0.309133489461,0.310747663551,0.310023310023,0.309302325581,0.308584686775,0.30787037037,0.307159353349,0.306451612903,0.305747126437,0.30504587156,0.304347826087,0.303652968037,0.302961275626,0.302272727273,0.301587301587,0.303167420814,0.302483069977,0.301801801802,0.301123595506,0.30269058296,0.302013422819,0.301339285714,0.300668151448,0.3,0.29933481153,0.298672566372,0.298013245033,0.297356828194,0.296703296703,0.296052631579,0.295404814004,0.294759825328,0.294117647059,0.29347826087,0.29284164859,0.292207792208,0.291576673866,0.290948275862,0.290322580645,0.289699570815,0.289079229122,0.288461538462,0.287846481876,0.287234042553,0.286624203822,0.286016949153,0.285412262156,0.284810126582,0.284210526316,0.285714285714,0.285115303983,0.284518828452,0.283924843424,0.283333333333,0.282744282744,0.282157676349,0.281573498965,0.280991735537,0.280412371134,0.279835390947,0.279260780287,0.27868852459,0.278118609407,0.277551020408,0.276985743381,0.276422764228,0.275862068966,0.275303643725,0.274747474747,0.274193548387,0.273641851107,0.273092369478,0.27254509018,0.272,0.271457085828,0.270916334661,0.270377733598,0.269841269841,0.269306930693,0.268774703557,0.268244575937,0.267716535433,0.267190569745,0.266666666667,0.26614481409,0.265625,0.265107212476,0.264591439689,0.264077669903,0.263565891473,0.263056092843,0.262548262548,0.26204238921,0.261538461538,0.26103646833,0.260536398467,0.260038240918,0.259541984733,0.259047619048,0.25855513308,0.258064516129,0.257575757576,0.257088846881,0.256603773585,0.256120527307,0.255639097744,0.255159474672,0.25468164794,0.254205607477,0.253731343284,0.253258845438,0.252788104089,0.252319109462,0.251851851852,0.251386321627,0.250922509225,0.250460405157,0.25,0.249541284404,0.249084249084,0.248628884826,0.248175182482,0.247723132969,0.247272727273,0.246823956443,0.246376811594,0.245931283906,0.245487364621,0.245045045045,0.244604316547,0.244165170557,0.243727598566,0.243291592129,0.242857142857,0.244206773619,0.243772241993,0.243339253996,0.242907801418,0.242477876106,0.242049469965,0.241622574956,0.242957746479,0.242530755712,0.242105263158,0.241681260946,0.241258741259,0.242582897033,0.242160278746,0.241739130435,0.241319444444,0.240901213172,0.240484429066,0.240069084629,0.239655172414,0.239242685026,0.23883161512,0.238421955403,0.23801369863,0.237606837607,0.237201365188,0.236797274276,0.236394557823,0.235993208829,0.235593220339,0.235194585448,0.234797297297,0.234401349073,0.234006734007,0.233613445378,0.23322147651,0.232830820771,0.232441471572,0.232053422371,0.231666666667,0.231281198003,0.230897009967,0.230514096186,0.230132450331,0.229752066116,0.229372937294,0.228995057661,0.228618421053,0.228243021346,0.227868852459,0.227495908347,0.227124183007,0.226753670473,0.226384364821,0.226016260163,0.225649350649,0.22528363047,0.224919093851,0.224555735057,0.224193548387,0.22383252818,0.22347266881,0.223113964687,0.222756410256,0.2224,0.222044728435,0.221690590112,0.221337579618,0.220985691574,0.220634920635,0.22028526149,0.219936708861,0.219589257504,0.219242902208,0.218897637795,0.218553459119,0.218210361068,0.217868338558,0.217527386541,0.2171875,0.216848673947,0.216510903427,0.216174183515,0.215838509317,0.215503875969,0.215170278638,0.214837712519,0.21450617284,0.214175654854,0.213846153846,0.213517665131,0.213190184049,0.212863705972,0.2125382263,0.212213740458,0.211890243902,0.211567732116,0.211246200608,0.210925644917,0.210606060606,0.210287443268,0.211480362538,0.211161387632,0.210843373494,0.210526315789,0.21021021021,0.209895052474,0.209580838323,0.209267563528,0.208955223881,0.208643815201,0.208333333333,0.208023774146,0.207715133531,0.207407407407,0.207100591716,0.206794682422,0.206489675516,0.20618556701,0.205882352941,0.205580029369,0.205278592375,0.204978038067,0.204678362573,0.204379562044,0.204081632653,0.203784570597,0.203488372093,0.203193033382,0.202898550725,0.202604920405,0.202312138728,0.20202020202,0.201729106628,0.201438848921,0.201149425287,0.200860832138,0.200573065903,0.200286123033,0.2,0.199714693295,0.19943019943,0.199146514936,0.198863636364,0.198581560284,0.198300283286,0.19801980198,0.197740112994,0.197461212976,0.197183098592,0.196905766526,0.196629213483,0.196353436185,0.196078431373,0.195804195804,0.195530726257,0.195258019526,0.194986072423,0.19471488178,0.194444444444,0.194174757282,0.193905817175,0.193637621024,0.193370165746,0.193103448276,0.192837465565,0.19257221458,0.192307692308,0.192043895748,0.191780821918,0.191518467852,0.191256830601,0.190995907231,0.190735694823,0.190476190476,0.190217391304,0.189959294437,0.189701897019,0.189445196211,0.189189189189,0.188933873144,0.188679245283,0.188425302826,0.188172043011,0.187919463087,0.187667560322,0.187416331995,0.187165775401,0.18691588785,0.186666666667,0.186418109188,0.186170212766,0.185922974768,0.185676392573,0.185430463576,0.185185185185,0.184940554822,0.184696569921,0.184453227931,0.184210526316,0.185282522996,0.185039370079,0.184796854522,0.184554973822,0.18431372549,0.18407310705,0.183833116037,0.18359375,0.183355006502,0.183116883117,0.182879377432,0.182642487047,0.182406209573,0.182170542636,0.181935483871,0.181701030928,0.181467181467,0.181233933162,0.181001283697,0.180769230769,0.180537772087,0.180306905371,0.180076628352,0.179846938776,0.179617834395,0.179389312977,0.1791613723,0.178934010152,0.178707224335,0.178481012658,0.178255372946,0.17803030303,0.177805800757,0.17758186398,0.177358490566,0.177135678392,0.176913425345,0.176691729323,0.176470588235,0.17625,0.176029962547,0.175810473815,0.175591531756,0.175373134328,0.175155279503,0.174937965261,0.174721189591,0.174504950495,0.174289245983,0.174074074074,0.173859432799,0.173645320197,0.173431734317,0.173218673219,0.173006134969,0.172794117647,0.172582619339,0.172371638142,0.172161172161,0.171951219512,0.171741778319,0.171532846715,0.171324422843,0.171116504854,0.170909090909,0.170702179177,0.170495767836,0.170289855072,0.170084439083,0.169879518072,0.170878459687,0.170673076923,0.170468187275,0.170263788969,0.17005988024,0.16985645933,0.169653524492,0.169451073986,0.169249106079,0.169047619048,0.168846611177,0.16864608076,0.168446026097,0.168246445498,0.168047337278,0.167848699764,0.167650531287,0.167452830189,0.167255594817,0.167058823529,0.166862514689,0.166666666667,0.166471277843,0.166276346604,0.166081871345,0.165887850467,0.16569428238,0.165501165501,0.165308498254,0.16511627907,0.164924506388,0.164733178654,0.164542294322,0.164351851852,0.164161849711,0.163972286374,0.163783160323,0.163594470046,0.163406214039,0.163218390805,0.163030998852,0.162844036697,0.162657502864,0.162471395881,0.162285714286,0.162100456621,0.161915621437,0.161731207289,0.161547212742,0.161363636364,0.161180476731,0.160997732426,0.160815402039,0.160633484163,0.160451977401,0.160270880361,0.160090191657,0.15990990991,0.159730033746,0.159550561798,0.159371492705,0.159192825112,0.159014557671,0.158836689038,0.158659217877,0.158482142857,0.158305462653,0.158129175947,0.157953281424,0.157777777778,0.157602663707,0.157427937916,0.157253599114,0.157079646018,0.156906077348,0.156732891832,0.156560088203,0.156387665198,0.156215621562,0.156043956044,0.155872667398,0.155701754386,0.155531215772,0.155361050328,0.155191256831,0.155021834061,0.154852780807,0.154684095861,0.15451577802,0.154347826087,0.154180238871,0.154013015184,0.153846153846,0.15367965368,0.153513513514,0.153347732181,0.153182308522,0.153017241379,0.152852529602,0.152688172043,0.152524167562,0.152360515021,0.15219721329,0.152034261242,0.151871657754,0.151709401709,0.151547491996,0.151385927505,0.151224707135,0.151063829787,0.150903294368,0.150743099788,0.150583244963,0.150423728814,0.150264550265,0.150105708245,0.14994720169,0.149789029536,0.149631190727,0.149473684211,0.149316508938,0.149159663866,0.149003147954,0.148846960168,0.148691099476,0.148535564854,0.148380355277,0.148225469729,0.148070907195,0.147916666667,0.147762747138,0.147609147609,0.147455867082,0.147302904564,0.147150259067,0.146997929607,0.146845915202,0.146694214876,0.146542827657,0.146391752577,0.146240988671,0.146090534979,0.145940390545,0.145790554415,0.145641025641,0.145491803279,0.145342886387,0.145194274029,0.145045965271,0.144897959184,0.144750254842,0.144602851324,0.144455747711,0.144308943089,0.144162436548,0.144016227181,0.143870314083,0.143724696356,0.143579373104,0.143434343434,0.143289606458,0.14314516129,0.143001007049,0.142857142857,0.142713567839,0.142570281124,0.142427281846,0.142284569138,0.142142142142,0.142,0.141858141858,0.141716566866,0.141575274177,0.141434262948,0.141293532338,0.141153081511,0.141012909633,0.140873015873,0.140733399405,0.140594059406,0.140454995054,0.140316205534,0.14017769003,0.140039447732,0.139901477833,0.139763779528,0.139626352016,0.139489194499,0.139352306183,0.139215686275,0.139079333986,0.138943248532,0.13880742913,0.138671875,0.138536585366,0.138401559454,0.138266796495,0.13813229572,0.137998056365,0.13786407767,0.137730358875,0.137596899225,0.137463697967,0.137330754352,0.137198067633,0.137065637066,0.136933461909,0.136801541426,0.13666987488,0.136538461538,0.136407300672,0.137236084453,0.137104506232,0.136973180077,0.136842105263,0.136711281071,0.136580706781,0.136450381679,0.136320305052,0.13619047619,0.136060894386,0.135931558935,0.135802469136,0.135673624288,0.135545023697,0.135416666667,0.135288552507,0.135160680529,0.135033050047,0.134905660377,0.134778510839,0.134651600753,0.134524929445,0.134398496241,0.134272300469,0.134146341463,0.134020618557,0.133895131086,0.133769878391,0.133644859813,0.133520074697,0.133395522388,0.133271202237,0.133147113594,0.133023255814,0.132899628253,0.132776230269,0.132653061224,0.132530120482,0.132407407407,0.132284921369,0.132162661738,0.132040627886,0.131918819188,0.131797235023,0.13167587477,0.13155473781,0.131433823529,0.131313131313,0.13119266055,0.131072410632,0.130952380952,0.130832570906,0.13071297989,0.130593607306,0.130474452555,0.130355515041,0.130236794171,0.130118289354,0.13,0.129881925522,0.129764065336,0.129646418858,0.129528985507,0.129411764706,0.129294755877,0.129177958446,0.129061371841,0.128944995491,0.128828828829,0.128712871287,0.128597122302,0.128481581312,0.128366247756,0.128251121076,0.128136200717,0.128021486124,0.127906976744,0.127792672029,0.127678571429,0.127564674398,0.127450980392,0.127337488869,0.127224199288,0.127111111111,0.126998223801,0.126885536823,0.126773049645,0.126660761736,0.126548672566,0.126436781609,0.126325088339,0.126213592233,0.126102292769,0.125991189427,0.12588028169,0.125769569041,0.125659050967,0.125548726953,0.125438596491,0.125328659071,0.125218914186,0.12510936133,0.125,0.124890829694,0.124781849913,0.124673060157,0.12456445993,0.124456048738,0.124347826087,0.124239791486,0.124131944444,0.124024284475,0.123916811092,0.12380952381,0.123702422145,0.123595505618,0.123488773748,0.123382226057,0.123275862069,0.123169681309,0.123063683305,0.122957867584,0.122852233677,0.122746781116,0.122641509434,0.122536418166,0.122431506849,0.122326775021,0.122222222222,0.122117847993,0.122013651877,0.121909633419,0.121805792164,0.12170212766,0.121598639456,0.121495327103,0.121392190153,0.121289228159,0.121186440678,0.121083827265,0.120981387479,0.120879120879,0.120777027027,0.120675105485,0.120573355818,0.120471777591,0.12037037037,0.120269133726,0.120168067227,0.120067170445,0.119966442953,0.119865884325,0.119765494137,0.119665271967,0.119565217391,0.119465329992,0.119365609349,0.119266055046,0.119166666667,0.119067443797,0.118968386023,0.118869492934,0.11877076412,0.11867219917,0.118573797678,0.118475559238,0.118377483444,0.118279569892,0.118181818182,0.118084227911,0.11798679868,0.117889530091,0.117792421746,0.117695473251,0.117598684211,0.117502054232,0.117405582923,0.117309269893,0.117213114754,0.117117117117,0.117021276596,0.116925592805,0.116830065359,0.116734693878,0.116639477977,0.116544417278,0.116449511401,0.116354759967,0.116260162602,0.116165718928,0.116071428571,0.11597729116,0.115883306321,0.115789473684,0.11569579288,0.115602263541,0.115508885299,0.115415657789,0.115322580645,0.115229653505,0.115136876006,0.115044247788,0.114951768489,0.114859437751,0.114767255217,0.114675220529,0.114583333333,0.114491593275,0.1144,0.114308553157,0.114217252396,0.114126097366,0.114035087719,0.113944223108,0.113853503185,0.113762927605,0.113672496025,0.113582208102,0.113492063492,0.113402061856,0.113312202853,0.113222486144,0.113132911392,0.113043478261,0.112954186414,0.112865035517,0.112776025237,0.11268715524,0.112598425197,0.112509834776,0.112421383648,0.112333071485,0.112244897959,0.112156862745,0.112068965517,0.111981205951,0.111893583725,0.111806098514,0.11171875,0.111631537861,0.111544461778,0.111457521434,0.111370716511,0.111284046693,0.111197511664,0.111111111111,0.11102484472,0.11093871218,0.110852713178,0.110766847405,0.110681114551,0.110595514308,0.110510046368,0.110424710425,0.110339506173,0.110254433308,0.110169491525,0.110084680523,0.11,0.109915449654,0.109831029186,0.109746738296,0.109662576687,0.109578544061,0.109494640123,0.109410864575,0.109327217125,0.109243697479,0.109160305344,0.109077040427,0.108993902439,0.108910891089,0.108828006088,0.108745247148,0.108662613982,0.108580106302,0.108497723824,0.108415466262,0.108333333333,0.108251324754,0.108169440242,0.108087679516,0.108006042296,0.107924528302,0.107843137255,0.107761868877,0.107680722892,0.107599699022,0.107518796992,0.107438016529,0.107357357357,0.107276819205,0.107196401799,0.107116104869,0.107035928144,0.106955871354,0.10687593423,0.106796116505,0.10671641791,0.10663683818,0.106557377049,0.106478034252,0.106398809524,0.106319702602,0.106240713224,0.106161841128,0.106083086053,0.106004447739,0.105925925926,0.105847520355,0.105769230769,0.105691056911,0.105612998523,0.105535055351,0.105457227139,0.105379513633,0.10530191458,0.105224429728,0.105147058824,0.105069801616,0.104992657856,0.104915627293,0.104838709677,0.104761904762,0.104685212299,0.104608632041,0.104532163743,0.104455807159,0.104379562044,0.104303428155,0.104227405248,0.104151493081,0.104075691412,0.104,0.103924418605,0.103848946986,0.103773584906,0.103698332125,0.103623188406,0.103548153512,0.103473227207,0.103398409255,0.103323699422,0.103249097473,0.103174603175,0.103100216294,0.103025936599,0.102951763859,0.102877697842,0.102803738318,0.102729885057,0.102656137832,0.102582496413,0.102508960573,0.102435530086,0.102362204724,0.102288984263,0.102215868477,0.102142857143,0.102069950036,0.101997146933,0.101924447612,0.101851851852,0.101779359431,0.101706970128,0.101634683724,0.1015625,0.101490418737,0.101418439716,0.101346562721,0.101274787535,0.101203113942,0.101131541726,0.101060070671,0.100988700565,0.100917431193,0.100846262341,0.100775193798,0.100704225352,0.100633356791,0.100562587904,0.100491918482,0.100421348315,0.100350877193,0.100280504909,0.100210231254,0.100140056022,0.100069979006,0.1,0.099930118798,0.0998603351955,0.0997906489881,0.0997210599721,0.0996515679443,0.0995821727019,0.0995128740431,0.0994436717663,0.0993745656706,0.0993055555556,0.0992366412214,0.0991678224688,0.0990990990991,0.0990304709141,0.0989619377163,0.0988934993084,0.0988251554941,0.0987569060773,0.0986887508627,0.0986206896552,0.0985527222605,0.0984848484848,0.0984170681349,0.0983493810179,0.0982817869416,0.0982142857143,0.0981468771448,0.0980795610425,0.0980123372173,0.0979452054795,0.09787816564,0.0978112175103,0.0977443609023,0.0976775956284,0.0976109215017,0.0975443383356,0.0974778459441,0.0974114441417,0.0973451327434
1.0,1.0,1.0,1.0,1.0,0.833333333333,0.857142857143,0.75,0.666666666667,0.6,0.636363636364,0.583333333333,0.538461538462,0.5,0.466666666667,0.4375,0.411764705882,0.388888888889,0.368421052632,0.35,0.333333333333,0.318181818182,0.304347826087,0.291666666667,0.28,0.269230769231,0.259259259259,0.25,0.241379310345,0.233333333333,0.225806451613,0.21875,0.212121212121,0.205882352941,0.2,0.194444444444,0.189189189189,0.184210526316,0.179487179487,0.175,0.170731707317
1.0,1.0,1.0,1.0,1.0,1.0,1.0,1.0,1.0,1.0,0.909090909091,0.916666666667,0.923076923077,0.928571428571,0.866666666667,0.875,0.882352941176,0.888888888889,0.842105263158,0.8,0.809523809524,0.818181818182,0.782608695652,0.75,0.72,0.692307692308,0.666666666667,0.642857142857,0.655172413793,0.633333333333,0.645161290323,0.625,0.606060606061,0.588235294118,0.571428571429,0.555555555556,0.567567567568,0.552631578947,0.538461538462,0.525,0.512195121951,0.5,0.488372093023,0.477272727273,0.466666666667,0.45652173913,0.446808510638,0.4375,0.428571428571,0.42,0.411764705882,0.403846153846,0.396226415094,0.388888888889,0.381818181818,0.375,0.368421052632,0.362068965517,0.35593220339,0.35,0.344262295082,0.338709677419,0.333333333333,0.328125,0.323076923077,0.318181818182,0.313432835821,0.308823529412,0.304347826087,0.3,0.295774647887,0.291666666667,0.301369863014,0.297297297297,0.293333333333,0.302631578947,0.298701298701,0.294871794872,0.291139240506,0.2875,0.283950617284,0.280487804878,0.277108433735,0.27380952381,0.270588235294,0.267441860465,0.264367816092,0.261363636364,0.258426966292,0.255555555556,0.252747252747,0.25,0.247311827957,0.244680851064,0.242105263158,0.239583333333,0.237113402062,0.234693877551,0.232323232323,0.23,0.227722772277,0.225490196078,0.223300970874,0.221153846154,0.219047619048,0.216981132075,0.214953271028,0.222222222222,0.220183486239,0.218181818182,0.216216216216,0.214285714286,0.212389380531,0.210526315789,0.208695652174,0.206896551724,0.205128205128,0.203389830508,0.201680672269,0.2,0.198347107438,0.196721311475,0.19512195122,0.193548387097,0.192,0.190476190476,0.188976377953,0.1875,0.186046511628,0.184615384615,0.18320610687,0.181818181818,0.18045112782,0.179104477612,0.177777777778,0.176470588235,0.175182481752,0.173913043478,0.172661870504,0.171428571429,0.170212765957,0.169014084507,0.167832167832,0.166666666667,0.165517241379,0.164383561644,0.163265306122,0.162162162162,0.161073825503,0.16,0.158940397351,0.157894736842,0.156862745098,0.155844155844,0.154838709677,0.153846153846,0.152866242038,0.151898734177,0.150943396226,0.15,0.149068322981,0.148148148148,0.147239263804,0.146341463415,0.145454545455,0.144578313253,0.14371257485,0.142857142857,0.14201183432,0.141176470588,0.140350877193,0.139534883721,0.138728323699,0.137931034483,0.137142857143,0.136363636364,0.135593220339,0.134831460674,0.134078212291,0.133333333333,0.138121546961,0.137362637363,0.136612021858,0.135869565217,0.135135135135,0.134408602151,0.133689839572,0.132978723404,0.132275132275,0.131578947368,0.130890052356,0.130208333333,0.129533678756,0.128865979381,0.128205128205,0.127551020408,0.126903553299,0.126262626263,0.125628140704,0.125,0.124378109453,0.123762376238,0.12315270936,0.122549019608,0.121951219512,0.121359223301,0.12077294686,0.120192307692,0.11961722488,0.119047619048,0.118483412322,0.117924528302,0.117370892019,0.116822429907,0.116279069767,0.115740740741,0.115207373272,0.114678899083,0.114155251142,0.113636363636,0.113122171946,0.112612612613,0.112107623318,0.111607142857,0.111111111111,0.110619469027,0.11013215859,0.109649122807,0.109170305677,0.108695652174,0.108225108225,0.10775862069,0.107296137339,0.106837606838,0.106382978723,0.10593220339,0.105485232068,0.105042016807,0.10460251046,0.104166666667,0.103734439834,0.103305785124,0.102880658436,0.102459016393,0.102040816327,0.10162601626,0.101214574899,0.100806451613,0.100401606426,0.1,0.0996015936255,0.0992063492063,0.098814229249,0.0984251968504,0.0980392156863,0.09765625,0.0972762645914,0.0968992248062
1.0,1.0,1.0,0.75,0.8,0.833333333333,0.714285714286,0.625,0.555555555556,0.6,0.636363636364,0.583333333333,0.538461538462,0.571428571429,0.533333333333,0.5625,0.529411764706,0.5,0.473684210526,0.45,0.428571428571,0.409090909091,0.391304347826,0.375,0.4,0.384615384615,0.37037037037,0.357142857143,0.379310344828,0.366666666667,0.354838709677,0.34375,0.333333333333,0.323529411765,0.314285714286,0.305555555556,0.297297297297,0.315789473684,0.307692307692,0.3,0.292682926829,0.285714285714,0.279069767442,0.295454545455,0.288888888889,0.282608695652,0.276595744681,0.270833333333,0.265306122449,0.26,0.254901960784,0.25,0.245283018868,0.259259259259,0.254545454545,0.25,0.245614035088,0.241379310345,0.237288135593,0.233333333333,0.229508196721,0.225806451613,0.222222222222,0.234375,0.230769230769,0.227272727273,0.223880597015,0.220588235294,0.217391304348,0.214285714286,0.211267605634,0.208333333333,0.205479452055,0.202702702703,0.2,0.197368421053,0.194805194805,0.192307692308,0.189873417722,0.1875,0.185185185185,0.182926829268,0.180722891566,0.178571428571,0.176470588235,0.174418604651,0.172413793103,0.170454545455,0.168539325843,0.166666666667,0.164835164835,0.163043478261,0.161290322581,0.159574468085,0.157894736842,0.15625,0.154639175258,0.15306122449,0.151515151515,0.15,0.148514851485,0.147058823529,0.145631067961,0.144230769231,0.142857142857,0.141509433962,0.140186915888,0.138888888889,0.137614678899,0.136363636364,0.135135135135,0.133928571429,0.132743362832,0.131578947368,0.130434782609,0.129310344828,0.128205128205,0.127118644068,0.126050420168,0.125,0.123966942149,0.122950819672,0.121951219512,0.120967741935,0.12,0.119047619048,0.11811023622,0.1171875,0.116279069767,0.115384615385,0.114503816794,0.113636363636,0.112781954887,0.111940298507,0.111111111111,0.110294117647,0.109489051095,0.108695652174,0.107913669065,0.107142857143,0.106382978723,0.105633802817,0.104895104895,0.104166666667,0.103448275862,0.102739726027,0.102040816327,0.101351351351,0.10067114094,0.1,0.0993377483444,0.0986842105263,0.0980392156863,0.0974025974026,0.0967741935484,0.0961538461538,0.0955414012739,0.0949367088608,0.0943396226415,0.09375,0.0931677018634,0.0925925925926,0.0920245398773,0.0914634146341,0.0909090909091,0.0903614457831,0.0898203592814,0.0892857142857,0.0887573964497,0.0882352941176,0.0877192982456,0.0872093023256,0.0867052023121,0.0862068965517,0.0857142857143,0.0852272727273,0.0847457627119,0.0842696629213,0.0837988826816,0.0833333333333,0.0828729281768,0.0824175824176,0.0819672131148,0.0815217391304,0.0810810810811,0.0806451612903,0.0802139037433,0.0797872340426,0.0793650793651,0.0789473684211,0.0785340314136,0.078125,0.0777202072539,0.0773195876289,0.0769230769231,0.0765306122449,0.0761421319797,0.0757575757576,0.0753768844221,0.075,0.0746268656716,0.0742574257426,0.0738916256158,0.0735294117647,0.0731707317073,0.0728155339806,0.0724637681159,0.0721153846154,0.0717703349282,0.0714285714286,0.0710900473934,0.0707547169811,0.0704225352113,0.0700934579439,0.0697674418605,0.0694444444444,0.0691244239631,0.0688073394495,0.0684931506849,0.0681818181818,0.0678733031674,0.0675675675676,0.067264573991,0.0669642857143,0.0666666666667,0.0663716814159,0.0660792951542,0.0657894736842,0.0655021834061,0.0652173913043,0.0649350649351,0.0646551724138,0.0643776824034,0.0641025641026,0.063829787234,0.0635593220339,0.0632911392405,0.063025210084,0.0627615062762,0.0625,0.0622406639004,0.0619834710744,0.0617283950617,0.0614754098361,0.0612244897959,0.0609756097561,0.0607287449393,0.0604838709677,0.0602409638554,0.06,0.0597609561753,0.0595238095238,0.0592885375494,0.0590551181102,0.0588235294118,0.05859375,0.0583657587549,0.0581395348837,0.0579150579151,0.0576923076923,0.0574712643678,0.0572519083969,0.0570342205323,0.0568181818182,0.0566037735849,0.0563909774436,0.0561797752809,0.0559701492537,0.0557620817844,0.0555555555556,0.0553505535055,0.0551470588235,0.0549450549451,0.0547445255474,0.0545454545455,0.054347826087,0.0541516245487,0.0539568345324,0.0537634408602,0.0535714285714,0.0533807829181,0.0531914893617,0.0530035335689,0.0528169014085,0.0526315789474,0.0524475524476,0.0522648083624,0.0520833333333,0.0519031141869,0.051724137931,0.0515463917526,0.0513698630137,0.0511945392491,0.0510204081633,0.0508474576271,0.0506756756757,0.0505050505051,0.0503355704698,0.0501672240803,0.05,0.0498338870432,0.0496688741722,0.049504950495,0.0493421052632,0.0491803278689,0.0490196078431,0.0488599348534,0.0487012987013,0.0485436893204,0.0483870967742
0.0,0.0,0.333333333333,0.25,0.2,0.166666666667,0.142857142857,0.125,0.111111111111,0.1,0.0909090909091,0.0833333333333,0.0769230769231,0.0714285714286,0.0666666666667,0.0625,0.0588235294118,0.0555555555556,0.0526315789474,0.05,0.047619047619,0.0454545454545,0.0434782608696,0.0416666666667,0.04,0.0384615384615,0.037037037037,0.0357142857143,0.0344827586207,0.0333333333333,0.0322580645161,0.03125,0.030303030303,0.0294117647059
1.0,1.0,1.0,0.75,0.8,0.666666666667,0.571428571429,0.5,0.444444444444,0.4,0.363636363636,0.333333333333,0.384615384615,0.357142857143,0.333333333333,0.3125,0.294117647059,0.277777777778,0.263157894737,0.25,0.238095238095,0.227272727273,0.217391304348,0.208333333333,0.2,0.192307692308,0.185185185185,0.178571428571,0.172413793103,0.166666666667,0.161290322581,0.15625,0.151515151515,0.147058823529,0.142857142857,0.138888888889,0.135135135135,0.131578947368,0.128205128205,0.125,0.121951219512,0.119047619048,0.116279069767,0.113636363636,0.111111111111,0.108695652174,0.106382978723,0.104166666667,0.102040816327,0.1,0.0980392156863,0.0961538461538,0.0943396226415,0.0925925925926,0.0909090909091,0.0892857142857,0.0877192982456,0.0862068965517,0.0847457627119,0.0833333333333,0.0819672131148,0.0806451612903,0.0793650793651,0.078125,0.0769230769231,0.0757575757576,0.0746268656716,0.0735294117647,0.0724637681159,0.0714285714286,0.0704225352113,0.0694444444444,0.0684931506849,0.0675675675676,0.0666666666667,0.0657894736842,0.0649350649351,0.0641025641026,0.0632911392405,0.0625,0.0617283950617,0.0609756097561,0.0602409638554,0.0595238095238,0.0588235294118,0.0581395348837,0.0574712643678,0.0568181818182,0.0561797752809,0.0555555555556,0.0549450549451,0.054347826087,0.0537634408602,0.0531914893617,0.0631578947368,0.0625,0.0618556701031,0.0612244897959,0.0606060606061,0.06,0.0594059405941,0.0588235294118,0.0582524271845,0.0576923076923
0.0,0.0,0.333333333333,0.5,0.4,0.5,0.571428571429,0.5,0.444444444444,0.4,0.454545454545,0.416666666667,0.384615384615,0.428571428571,0.4,0.4375,0.411764705882,0.388888888889,0.368421052632,0.35,0.333333333333,0.318181818182,0.304347826087,0.291666666667,0.32,0.307692307692,0.333333333333,0.321428571429,0.310344827586,0.3,0.290322580645,0.28125,0.272727272727,0.264705882353,0.257142857143,0.25,0.243243243243,0.236842105263,0.230769230769,0.225,0.219512195122,0.214285714286,0.209302325581,0.204545454545,0.2,0.195652173913,0.191489361702,0.1875,0.183673469388,0.18,0.176470588235,0.173076923077,0.169811320755,0.166666666667,0.163636363636,0.160714285714,0.157894736842,0.155172413793,0.152542372881,0.15,0.147540983607,0.145161290323,0.15873015873,0.15625,0.153846153846,0.151515151515,0.149253731343,0.147058823529,0.144927536232,0.142857142857,0.140845070423,0.138888888889,0.13698630137,0.135135135135,0.133333333333,0.131578947368,0.12987012987,0.128205128205,0.126582278481,0.125,0.123456790123,0.121951219512,0.120481927711,0.119047619048,0.117647058824,0.116279069767,0.114942528736,0.113636363636,0.112359550562,0.111111111111,0.10989010989,0.108695652174,0.10752688172,0.106382978723,0.105263157895,0.104166666667,0.103092783505,0.102040816327,0.10101010101,0.1,0.0990099009901,0.0980392156863,0.0970873786408,0.0961538461538,0.0952380952381,0.0943396226415,0.0934579439252,0.0925925925926,0.0917431192661,0.0909090909091,0.0900900900901,0.0892857142857,0.0884955752212,0.0877192982456,0.0869565217391,0.0862068965517,0.0854700854701,0.0847457627119,0.0840336134454,0.0833333333333,0.0826446280992,0.0819672131148,0.0813008130081,0.0806451612903,0.08,0.0793650793651,0.0787401574803,0.078125,0.077519379845,0.0769230769231,0.0763358778626,0.0757575757576,0.0751879699248,0.0746268656716,0.0740740740741,0.0735294117647,0.0729927007299,0.0724637681159,0.0719424460432,0.0714285714286,0.0709219858156,0.0704225352113,0.0699300699301,0.0694444444444,0.0689655172414,0.0684931506849,0.0680272108844,0.0675675675676,0.0671140939597,0.0666666666667,0.0662251655629,0.0657894736842,0.0653594771242,0.0649350649351,0.0645161290323,0.0641025641026,0.0636942675159,0.0632911392405,0.062893081761,0.0625,0.0621118012422,0.0617283950617,0.0613496932515,0.0609756097561,0.0606060606061,0.0602409638554,0.059880239521,0.0595238095238,0.0591715976331,0.0588235294118,0.0584795321637,0.0581395348837,0.0578034682081,0.0574712643678,0.0571428571429,0.0568181818182,0.0564971751412,0.0561797752809,0.0558659217877,0.0555555555556,0.0552486187845,0.0549450549451,0.0546448087432,0.054347826087,0.0540540540541,0.0537634408602,0.0534759358289,0.0531914893617,0.0529100529101,0.0526315789474,0.0523560209424,0.0520833333333,0.0518134715026,0.0515463917526,0.0512820512821,0.0510204081633,0.0507614213198,0.0505050505051,0.0502512562814,0.05,0.0497512437811,0.049504950495,0.0492610837438,0.0490196078431,0.0487804878049,0.0485436893204,0.048309178744,0.0480769230769,0.0478468899522,0.047619047619,0.0473933649289,0.0471698113208,0.0469483568075,0.0467289719626,0.046511627907,0.0462962962963,0.0460829493088,0.045871559633,0.0456621004566,0.0454545454545,0.0452488687783,0.045045045045,0.0448430493274,0.0446428571429,0.0444444444444,0.0442477876106,0.0440528634361,0.0438596491228,0.0436681222707,0.0434782608696,0.04329004329,0.0431034482759,0.0429184549356,0.042735042735,0.0425531914894,0.0423728813559,0.042194092827,0.0420168067227,0.0418410041841,0.0416666666667,0.0414937759336,0.0413223140496,0.0411522633745,0.0409836065574,0.0408163265306,0.0406504065041,0.0404858299595,0.0403225806452,0.0401606425703,0.04,0.0398406374502,0.0396825396825,0.0395256916996,0.0393700787402,0.0392156862745,0.0390625,0.0389105058366,0.0387596899225,0.03861003861,0.0384615384615,0.0383141762452,0.0381679389313,0.0380228136882,0.0378787878788,0.0377358490566,0.0375939849624,0.0374531835206,0.0373134328358,0.0371747211896,0.037037037037,0.0369003690037,0.0367647058824,0.03663003663,0.036496350365,0.0363636363636,0.036231884058,0.0361010830325,0.0359712230216,0.0358422939068,0.0357142857143,0.0355871886121,0.0354609929078,0.0353356890459,0.0352112676056,0.0350877192982,0.034965034965,0.0348432055749,0.0347222222222,0.0346020761246,0.0344827586207,0.0343642611684,0.0342465753425,0.0341296928328,0.0340136054422,0.0338983050847,0.0337837837838,0.03367003367,0.0335570469799,0.0334448160535,0.0333333333333,0.0332225913621,0.0331125827815,0.03300330033,0.0328947368421,0.0327868852459,0.0326797385621,0.0325732899023,0.0324675324675,0.0323624595469,0.0322580645161,0.032154340836,0.0320512820513,0.0319488817891,0.031847133758,0.031746031746,0.0316455696203,0.0315457413249,0.0314465408805,0.0313479623824,0.03125,0.0311526479751,0.0310559006211,0.030959752322,0.0308641975309,0.0307692307692,0.0306748466258,0.0305810397554,0.030487804878,0.0303951367781,0.030303030303,0.0302114803625,0.0301204819277,0.03003003003,0.0299401197605,0.0298507462687,0.0297619047619,0.0296735905045,0.0295857988166,0.0294985250737,0.0294117647059,0.0293255131965,0.0292397660819,0.0291545189504,0.0290697674419,0.0289855072464,0.028901734104,0.028818443804,0.0287356321839,0.0286532951289,0.0285714285714,0.02849002849,0.0284090909091
0.0,0.5,0.666666666667,0.5,0.4,0.333333333333,0.285714285714,0.25,0.222222222222,0.3,0.272727272727,0.333333333333,0.307692307692,0.285714285714,0.266666666667,0.25,0.235294117647,0.222222222222,0.210526315789,0.25,0.238095238095,0.227272727273,0.217391304348,0.208333333333,0.2,0.192307692308,0.185185185185,0.178571428571,0.172413793103,0.166666666667,0.161290322581,0.15625,0.151515151515,0.147058823529,0.142857142857,0.138888888889,0.135135135135,0.131578947368,0.128205128205,0.125,0.121951219512,0.119047619048,0.116279069767,0.113636363636,0.111111111111,0.108695652174,0.106382978723,0.104166666667,0.102040816327,0.1,0.0980392156863,0.0961538461538,0.0943396226415,0.0925925925926,0.0909090909091,0.0892857142857,0.0877192982456,0.0862068965517,0.0847457627119,0.0833333333333,0.0819672131148,0.0806451612903,0.0793650793651,0.078125,0.0769230769231,0.0757575757576,0.0746268656716,0.0735294117647,0.0724637681159,0.0714285714286,0.0845070422535,0.0833333333333,0.0821917808219,0.0810810810811,0.08,0.0789473684211,0.0779220779221,0.0769230769231,0.0759493670886,0.075,0.0740740740741,0.0731707317073,0.0722891566265,0.0714285714286,0.0705882352941,0.0697674418605,0.0689655172414,0.0681818181818
1.0,1.0,0.666666666667,0.5,0.4,0.5,0.571428571429,0.5,0.444444444444,0.4,0.363636363636,0.333333333333,0.307692307692,0.357142857143,0.333333333333,0.3125,0.294117647059,0.277777777778,0.263157894737,0.25,0.238095238095,0.227272727273,0.217391304348,0.208333333333,0.2,0.192307692308,0.185185185185,0.178571428571,0.172413793103,0.166666666667,0.161290322581,0.15625,0.151515151515,0.147058823529,0.142857142857,0.138888888889,0.135135135135,0.131578947368,0.128205128205,0.125,0.121951219512,0.119047619048,0.116279069767,0.113636363636,0.111111111111,0.108695652174,0.106382978723,0.104166666667,0.102040816327,0.1,0.0980392156863,0.0961538461538,0.0943396226415,0.0925925925926,0.0909090909091,0.0892857142857
1.0,0.5,0.666666666667,0.75,0.8,0.833333333333,0.857142857143,0.875,0.888888888889,0.9,0.909090909091,0.833333333333,0.846153846154,0.785714285714,0.733333333333,0.6875,0.705882352941,0.666666666667,0.684210526316,0.7,0.666666666667,0.636363636364,0.608695652174,0.583333333333,0.56,0.538461538462,0.518518518519,0.5,0.48275862069,0.466666666667,0.483870967742,0.46875,0.454545454545,0.441176470588,0.428571428571,0.416666666667,0.432432432432,0.421052631579,0.410256410256,0.4,0.390243902439,0.380952380952,0.395348837209,0.386363636364,0.377777777778,0.369565217391,0.382978723404,0.375,0.387755102041,0.38,0.372549019608,0.365384615385,0.358490566038,0.351851851852,0.345454545455,0.357142857143,0.350877192982,0.362068965517,0.35593220339,0.35,0.344262295082,0.338709677419,0.333333333333,0.328125,0.323076923077,0.333333333333,0.328358208955,0.323529411765,0.333333333333,0.328571428571,0.323943661972,0.333333333333,0.328767123288,0.324324324324,0.32,0.315789473684,0.311688311688,0.307692307692,0.303797468354,0.3,0.296296296296,0.292682926829,0.289156626506,0.297619047619,0.294117647059,0.290697674419,0.287356321839,0.284090909091,0.280898876404,0.277777777778,0.274725274725,0.271739130435,0.268817204301,0.265957446809,0.263157894737,0.260416666667,0.257731958763,0.255102040816,0.252525252525,0.25,0.247524752475,0.245098039216,0.242718446602,0.240384615385,0.238095238095,0.235849056604,0.233644859813,0.231481481481,0.229357798165,0.227272727273,0.225225225225,0.223214285714,0.221238938053,0.219298245614,0.217391304348,0.215517241379,0.213675213675,0.21186440678,0.218487394958,0.216666666667,0.214876033058,0.213114754098,0.211382113821,0.209677419355,0.208,0.206349206349,0.204724409449,0.203125,0.201550387597,0.2,0.198473282443,0.19696969697,0.195488721805,0.194029850746,0.192592592593,0.191176470588,0.189781021898,0.195652173913,0.194244604317,0.192857142857,0.191489361702,0.19014084507,0.188811188811,0.1875,0.186206896552,0.184931506849,0.183673469388,0.182432432432,0.181208053691,0.18,0.17880794702,0.177631578947,0.176470588235,0.175324675325,0.174193548387,0.173076923077,0.171974522293,0.170886075949,0.169811320755,0.16875,0.173913043478,0.172839506173,0.171779141104,0.170731707317,0.169696969697,0.168674698795,0.167664670659,0.166666666667,0.165680473373,0.164705882353,0.163742690058,0.162790697674,0.161849710983,0.16091954023,0.16,0.159090909091,0.158192090395,0.157303370787,0.156424581006,0.155555555556,0.154696132597,0.153846153846,0.153005464481,0.152173913043,0.151351351351,0.150537634409,0.149732620321,0.148936170213,0.148148148148,0.147368421053,0.146596858639,0.145833333333,0.145077720207,0.144329896907,0.14358974359,0.142857142857,0.142131979695,0.141414141414,0.140703517588,0.14,0.139303482587,0.138613861386,0.137931034483,0.137254901961,0.136585365854,0.135922330097,0.135265700483,0.134615384615,0.133971291866,0.133333333333,0.132701421801,0.132075471698,0.131455399061,0.130841121495,0.13023255814,0.12962962963,0.129032258065,0.128440366972,0.127853881279,0.127272727273,0.126696832579,0.126126126126,0.125560538117,0.125,0.124444444444,0.12389380531,0.123348017621,0.122807017544,0.126637554585,0.126086956522,0.125541125541,0.125,0.124463519313,0.123931623932,0.123404255319,0.122881355932,0.122362869198,0.121848739496,0.121338912134,0.120833333333,0.120331950207,0.119834710744,0.119341563786,0.118852459016,0.118367346939,0.121951219512,0.121457489879,0.120967741935,0.120481927711,0.12,0.119521912351,0.119047619048,0.118577075099,0.11811023622,0.117647058824,0.1171875,0.11673151751,0.116279069767,0.11583011583,0.115384615385,0.114942528736,0.114503816794,0.114068441065,0.113636363636,0.11320754717,0.112781954887,0.112359550562,0.111940298507,0.111524163569,0.111111111111,0.110701107011,0.110294117647,0.10989010989,0.113138686131,0.112727272727,0.11231884058,0.111913357401,0.111510791367,0.111111111111,0.110714285714,0.110320284698,0.109929078014,0.109540636042,0.109154929577,0.108771929825,0.108391608392,0.108013937282,0.107638888889,0.107266435986,0.106896551724,0.106529209622,0.106164383562,0.105802047782,0.105442176871,0.105084745763,0.10472972973,0.104377104377,0.104026845638,0.103678929766,0.103333333333,0.102990033223,0.102649006623,0.102310231023,0.101973684211,0.101639344262,0.101307189542,0.100977198697,0.100649350649,0.100323624595,0.1,0.0996784565916,0.099358974359,0.0990415335463,0.0987261146497,0.0984126984127,0.0981012658228,0.0977917981073,0.0974842767296,0.0971786833856,0.096875,0.0965732087227,0.0962732919255,0.0959752321981,0.0956790123457,0.0953846153846,0.0950920245399,0.0948012232416,0.094512195122,0.0942249240122,0.0939393939394,0.0936555891239,0.0933734939759,0.0930930930931,0.0928143712575,0.0925373134328,0.0922619047619,0.0919881305638,0.0917159763314,0.0914454277286,0.0911764705882,0.0909090909091,0.0906432748538,0.0903790087464,0.0901162790698,0.0898550724638,0.0895953757225,0.0893371757925,0.0890804597701,0.0888252148997,0.0885714285714,0.0883190883191,0.0880681818182,0.0878186968839,0.0875706214689,0.087323943662,0.0870786516854,0.0868347338936,0.0865921787709,0.0863509749304,0.0861111111111,0.0858725761773,0.085635359116,0.0853994490358,0.0851648351648,0.0849315068493,0.0846994535519,0.0844686648501,0.0842391304348,0.0840108401084,0.0837837837838,0.0835579514825,0.0833333333333,0.083109919571,0.0828877005348,0.0826666666667,0.0824468085106,0.0822281167109,0.0846560846561,0.0844327176781,0.0842105263158,0.0839895013123,0.0837696335079,0.0835509138381,0.0833333333333,0.0831168831169,0.0829015544041,0.0826873385013,0.0824742268041,0.0822622107969,0.0820512820513,0.0818414322251,0.0816326530612,0.0814249363868,0.0812182741117,0.0810126582278,0.0808080808081,0.080604534005,0.0804020100503,0.0802005012531,0.08,0.0798004987531,0.0796019900498,0.0794044665012,0.0792079207921,0.079012345679,0.0788177339901,0.0786240786241,0.078431372549,0.078239608802,0.0780487804878,0.0778588807786,0.0776699029126,0.0774818401937,0.0772946859903,0.0771084337349,0.0769230769231,0.0767386091127,0.0765550239234,0.0763723150358,0.0761904761905,0.0760095011876,0.0758293838863,0.0756501182033,0.0754716981132,0.0752941176471,0.075117370892,0.0749414519906,0.0747663551402,0.0745920745921,0.0744186046512,0.0742459396752,0.0740740740741,0.0739030023095,0.073732718894,0.0735632183908,0.0733944954128,0.0732265446224,0.0730593607306,0.0728929384966,0.0727272727273,0.0725623582766,0.0723981900452,0.0722347629797,0.0720720720721,0.0719101123596,0.0717488789238,0.0715883668904,0.0714285714286,0.0712694877506,0.0711111111111,0.0709534368071,0.070796460177,0.0706401766004,0.0704845814978,0.0703296703297,0.0701754385965,0.0700218818381,0.0698689956332,0.0697167755991,0.0695652173913,0.0694143167028,0.0692640692641,0.0691144708423,0.0689655172414,0.0688172043011,0.068669527897,0.06852248394,0.0705128205128,0.0703624733475,0.0702127659574,0.0700636942675,0.0699152542373,0.0697674418605,0.0696202531646,0.0694736842105,0.0693277310924,0.0691823899371,0.0690376569038,0.0688935281837,0.06875,0.0686070686071,0.0684647302905,0.0683229813665,0.0681818181818,0.0680412371134,0.0679012345679,0.0677618069815,0.0676229508197,0.0674846625767,0.0673469387755,0.0672097759674,0.0670731707317,0.0669371196755,0.0668016194332,0.0666666666667,0.0665322580645,0.0663983903421,0.066265060241,0.0661322645291,0.066,0.0658682634731,0.0657370517928,0.065606361829,0.0654761904762,0.0653465346535,0.0652173913043
1.0,0.5,0.666666666667,0.75,0.8,0.666666666667,0.571428571429,0.5,0.444444444444,0.4,0.363636363636,0.333333333333,0.307692307692,0.285714285714,0.266666666667,0.25,0.235294117647,0.222222222222,0.210526315789,0.2,0.190476190476,0.181818181818,0.173913043478,0.166666666667,0.16,0.153846153846,0.148148148148,0.142857142857,0.137931034483,0.133333333333,0.129032258065,0.125,0.121212121212,0.117647058824,0.114285714286,0.111111111111,0.108108108108,0.105263157895,0.102564102564,0.1,0.0975609756098,0.0952380952381,0.093023255814,0.0909090909091,0.0888888888889,0.0869565217391,0.0851063829787,0.0833333333333,0.0816326530612,0.08,0.078431372549,0.0769230769231,0.0754716981132,0.0740740740741,0.0727272727273,0.0714285714286,0.0701754385965
1.0,0.5,0.333333333333,0.5,0.4,0.333333333333,0.428571428571,0.5,0.555555555556,0.6,0.545454545455,0.5,0.461538461538,0.428571428571,0.4,0.375,0.352941176471,0.333333333333,0.315789473684,0.35,0.333333333333,0.318181818182,0.304347826087,0.291666666667,0.28,0.269230769231,0.259259259259,0.25,0.241379310345,0.233333333333,0.225806451613,0.21875,0.212121212121,0.205882352941,0.228571428571,0.222222222222,0.216216216216,0.210526315789,0.205128205128,0.2,0.19512195122,0.190476190476,0.186046511628,0.181818181818,0.177777777778,0.173913043478,0.170212765957,0.166666666667,0.163265306122,0.16,0.156862745098,0.153846153846,0.150943396226,0.148148148148,0.145454545455,0.142857142857,0.140350877193,0.137931034483,0.135593220339,0.133333333333,0.131147540984,0.129032258065,0.126984126984,0.125,0.123076923077,0.121212121212,0.119402985075,0.117647058824,0.115942028986,0.114285714286,0.112676056338,0.111111111111,0.109589041096,0.108108108108,0.106666666667,0.105263157895,0.103896103896,0.102564102564,0.101265822785,0.1,0.0987654320988,0.0975609756098,0.0963855421687,0.107142857143,0.105882352941,0.104651162791,0.103448275862,0.102272727273,0.101123595506,0.1
1.0,1.0,1.0,1.0,1.0,1.0,1.0,1.0,1.0,1.0,1.0,1.0,1.0,0.928571428571,0.933333333333,0.875,0.882352941176,0.833333333333,0.842105263158,0.85,0.857142857143,0.818181818182,0.826086956522,0.791666666667,0.8,0.769230769231,0.777777777778,0.75,0.724137931034,0.733333333333,0.709677419355,0.6875,0.69696969697,0.705882352941,0.685714285714,0.666666666667,0.648648648649,0.657894736842,0.666666666667,0.65,0.658536585366,0.642857142857,0.627906976744,0.613636363636,0.6,0.586956521739,0.574468085106,0.5625,0.551020408163,0.54,0.529411764706,0.519230769231,0.509433962264,0.5,0.490909090909,0.482142857143,0.473684210526,0.465517241379,0.474576271186,0.466666666667,0.459016393443,0.451612903226,0.444444444444,0.4375,0.430769230769,0.424242424242,0.417910447761,0.411764705882,0.405797101449,0.4,0.394366197183,0.388888888889,0.383561643836,0.391891891892,0.386666666667,0.381578947368,0.376623376623,0.371794871795,0.367088607595,0.3625,0.358024691358,0.353658536585,0.349397590361,0.345238095238,0.341176470588,0.337209302326,0.344827586207,0.340909090909,0.337078651685,0.333333333333,0.32967032967,0.326086956522,0.322580645161,0.31914893617,0.315789473684,0.3125,0.309278350515,0.30612244898,0.30303030303,0.3,0.29702970297,0.294117647059,0.291262135922,0.288461538462,0.285714285714,0.283018867925,0.280373831776,0.277777777778,0.275229357798,0.272727272727,0.27027027027,0.267857142857,0.265486725664,0.263157894737,0.260869565217,0.258620689655,0.25641025641,0.254237288136,0.252100840336,0.25,0.247933884298,0.245901639344,0.243902439024,0.241935483871,0.24,0.238095238095,0.236220472441,0.234375,0.232558139535,0.230769230769,0.229007633588,0.227272727273,0.225563909774,0.223880597015,0.222222222222,0.220588235294,0.21897810219,0.217391304348,0.215827338129,0.214285714286,0.212765957447,0.211267605634,0.20979020979,0.208333333333,0.206896551724,0.205479452055,0.204081632653,0.202702702703,0.201342281879,0.2,0.198675496689,0.197368421053,0.196078431373,0.194805194805,0.193548387097,0.192307692308,0.191082802548,0.189873417722,0.188679245283,0.1875,0.186335403727,0.185185185185,0.184049079755,0.182926829268,0.181818181818,0.180722891566,0.179640718563,0.178571428571,0.177514792899,0.176470588235,0.175438596491,0.174418604651,0.173410404624,0.172413793103,0.171428571429,0.170454545455,0.169491525424,0.168539325843,0.167597765363,0.166666666667,0.165745856354,0.164835164835,0.16393442623,0.163043478261,0.162162162162,0.161290322581,0.160427807487,0.159574468085,0.15873015873,0.157894736842,0.157068062827,0.15625,0.155440414508,0.154639175258,0.153846153846,0.15306122449,0.152284263959,0.151515151515,0.150753768844,0.15,0.149253731343,0.148514851485,0.147783251232,0.151960784314,0.151219512195,0.150485436893,0.149758454106,0.149038461538,0.148325358852,0.147619047619,0.14691943128,0.146226415094,0.145539906103,0.144859813084,0.144186046512,0.143518518519,0.142857142857,0.142201834862,0.141552511416,0.140909090909,0.140271493213,0.13963963964,0.139013452915,0.138392857143,0.137777777778,0.137168141593,0.136563876652,0.135964912281,0.135371179039,0.134782608696,0.134199134199,0.133620689655,0.1330472103,0.132478632479,0.131914893617,0.131355932203,0.130801687764,0.13025210084,0.129707112971,0.129166666667,0.128630705394,0.128099173554,0.127572016461,0.127049180328,0.130612244898,0.130081300813,0.12955465587,0.129032258065,0.128514056225,0.128,0.127490039841,0.126984126984,0.126482213439,0.125984251969,0.125490196078,0.125,0.124513618677,0.124031007752,0.123552123552,0.123076923077,0.122605363985,0.12213740458,0.121673003802,0.121212121212,0.120754716981,0.12030075188,0.119850187266,0.119402985075,0.118959107807,0.118518518519,0.118081180812,0.117647058824,0.117216117216,0.116788321168,0.116363636364,0.115942028986,0.115523465704,0.115107913669,0.114695340502,0.114285714286,0.113879003559,0.113475177305,0.113074204947,0.112676056338,0.112280701754,0.111888111888,0.11149825784,0.111111111111,0.110726643599,0.110344827586,0.109965635739,0.109589041096,0.109215017065,0.108843537415,0.108474576271,0.108108108108,0.107744107744,0.107382550336,0.107023411371,0.106666666667,0.106312292359,0.105960264901,0.105610561056,0.105263157895,0.104918032787,0.104575163399,0.104234527687,0.103896103896,0.10355987055,0.103225806452,0.102893890675,0.102564102564,0.102236421725,0.101910828025,0.101587301587,0.101265822785,0.10094637224,0.100628930818,0.100313479624,0.1,0.0996884735202,0.0993788819876,0.0990712074303,0.0987654320988,0.0984615384615,0.0981595092025,0.0978593272171,0.0975609756098,0.09726443769,0.0969696969697,0.0966767371601,0.0963855421687,0.0960960960961,0.0958083832335,0.0955223880597,0.0952380952381,0.0949554896142,0.0976331360947,0.0973451327434,0.0970588235294,0.0967741935484,0.0964912280702,0.0962099125364,0.0959302325581,0.095652173913,0.0953757225434,0.0951008645533,0.0948275862069,0.0945558739255,0.0942857142857,0.0940170940171,0.09375,0.0934844192635,0.0932203389831,0.0929577464789,0.0926966292135,0.0924369747899,0.0921787709497,0.091922005571,0.0916666666667,0.0914127423823,0.0911602209945,0.0909090909091,0.0906593406593,0.0904109589041,0.0901639344262,0.0899182561308,0.0896739130435,0.0894308943089,0.0891891891892,0.088948787062,0.0887096774194,0.088471849866,0.0882352941176,0.088,0.0877659574468,0.0875331564987,0.0873015873016,0.0870712401055,0.0868421052632,0.0866141732283,0.086387434555,0.0861618798956,0.0859375,0.0857142857143,0.0854922279793,0.0852713178295,0.0850515463918,0.0848329048843,0.0846153846154,0.0843989769821,0.0841836734694,0.0839694656489,0.0837563451777,0.0835443037975,0.0833333333333,0.0831234256927,0.0829145728643,0.0827067669173,0.0825,0.0822942643392,0.0820895522388,0.0818858560794,0.0816831683168,0.0814814814815,0.0812807881773,0.0810810810811,0.0808823529412,0.080684596577,0.080487804878,0.0802919708029,0.0800970873786,0.0799031476998,0.0797101449275,0.0795180722892,0.0793269230769,0.0791366906475,0.0789473684211,0.0787589498807,0.0785714285714,0.0783847980998,0.0781990521327,0.0780141843972,0.0778301886792,0.0776470588235,0.0774647887324,0.0772833723653,0.0771028037383,0.0769230769231,0.0767441860465,0.07656612529,0.0763888888889,0.0762124711316,0.0760368663594,0.0758620689655,0.0756880733945,0.0755148741419,0.0753424657534,0.0751708428246,0.075,0.0748299319728,0.0746606334842,0.0744920993228,0.0743243243243,0.0741573033708,0.0739910313901,0.0738255033557,0.0736607142857,0.0734966592428,0.0733333333333,0.0731707317073,0.0730088495575,0.0728476821192,0.0726872246696,0.0725274725275,0.0745614035088,0.074398249453,0.0742358078603,0.0740740740741,0.0739130434783,0.0737527114967,0.0735930735931,0.07343412527,0.073275862069,0.0731182795699
0.0,0.5,0.333333333333,0.25,0.2,0.166666666667,0.142857142857,0.125,0.111111111111,0.1,0.0909090909091,0.0833333333333,0.0769230769231,0.0714285714286,0.0666666666667,0.0625,0.0588235294118,0.0555555555556,0.0526315789474,0.05
1.0,1.0,1.0,1.0,0.8,0.666666666667,0.571428571429,0.5,0.444444444444,0.4
